pmr,num_malicious,epoch,ma,clean_accuracy,unseen_accuracy,asr
0.1,3,1,0.8302,0.8302,0.203,0.0044
0.1,3,2,0.8848,0.8848,0.1594,0.0147
0.1,3,3,0.906,0.906,0.592,0.0014
0.1,3,4,0.9182,0.9182,0.5427,0.0068
0.1,3,5,0.9322,0.9322,0.7761,0.0
0.1,3,6,0.929,0.929,0.8729,0.0
0.1,3,7,0.933,0.933,0.8843,0.0
0.1,3,8,0.9329,0.9329,0.9108,0.0
0.1,3,9,0.9341,0.9341,0.9317,0.0
0.1,3,10,0.9333,0.9333,0.9412,0.0
0.1,3,11,0.9358,0.9358,0.9412,0.0
0.1,3,12,0.9379,0.9379,0.9393,0.0
0.1,3,13,0.9388,0.9388,0.945,0.0
0.1,3,14,0.9397,0.9397,0.945,0.0
0.1,3,15,0.9375,0.9375,0.9393,0.0
0.1,3,16,0.9392,0.9392,0.945,0.0
0.1,3,17,0.9394,0.9394,0.945,0.0
0.1,3,18,0.9359,0.9359,0.945,0.0
0.1,3,19,0.9374,0.9374,0.9469,0.0
0.1,3,20,0.9359,0.9359,0.9469,0.0
0.1,3,21,0.9387,0.9387,0.9469,0.0
0.1,3,22,0.9379,0.9379,0.9488,0.0
0.1,3,23,0.9389,0.9389,0.9507,0.0
0.1,3,24,0.9397,0.9397,0.9507,0.0
0.1,3,25,0.9393,0.9393,0.9545,0.0
0.1,3,26,0.9382,0.9382,0.9545,0.0
0.1,3,27,0.9385,0.9385,0.9545,0.0
0.1,3,28,0.9385,0.9385,0.9545,0.0
0.1,3,29,0.9392,0.9392,0.9545,0.0
0.1,3,30,0.9381,0.9381,0.9583,0.0
0.2,6,1,0.7999,0.7999,0.2713,0.0196
0.2,6,2,0.8435,0.8435,0.4213,0.0418
0.2,6,3,0.8881,0.8881,0.6091,0.0403
0.2,6,4,0.8956,0.8956,0.6319,0.0588
0.2,6,5,0.9184,0.9184,0.8824,0.0001
0.2,6,6,0.9266,0.9266,0.926,0.0
0.2,6,7,0.9278,0.9278,0.9108,0.0
0.2,6,8,0.9306,0.9306,0.9374,0.0
0.2,6,9,0.9295,0.9295,0.9355,0.0
0.2,6,10,0.9325,0.9325,0.9469,0.0
0.2,6,11,0.9307,0.9307,0.9393,0.0
0.2,6,12,0.9337,0.9337,0.9469,0.0
0.2,6,13,0.9355,0.9355,0.945,0.0
0.2,6,14,0.9359,0.9359,0.9507,0.0
0.2,6,15,0.9362,0.9362,0.9507,0.0
0.2,6,16,0.9359,0.9359,0.9488,0.0
0.2,6,17,0.9371,0.9371,0.9526,0.0
0.2,6,18,0.9365,0.9365,0.9507,0.0
0.2,6,19,0.9374,0.9374,0.9526,0.0002
0.2,6,20,0.936,0.936,0.9526,0.0
0.2,6,21,0.9376,0.9376,0.9507,0.0
0.2,6,22,0.9369,0.9369,0.9507,0.0
0.2,6,23,0.9371,0.9371,0.9526,0.0
0.2,6,24,0.9377,0.9377,0.9583,0.0
0.2,6,25,0.9378,0.9378,0.9545,0.0
0.2,6,26,0.9373,0.9373,0.9583,0.0
0.2,6,27,0.9375,0.9375,0.9564,0.0
0.2,6,28,0.9375,0.9375,0.9564,0.0
0.2,6,29,0.9375,0.9375,0.9602,0.0
0.2,6,30,0.9379,0.9379,0.9602,0.0
0.3,9,1,0.6687,0.6687,0.1935,0.2957
0.3,9,2,0.886,0.886,0.4877,0.0
0.3,9,3,0.8241,0.8241,0.2808,0.3314
0.3,9,4,0.9118,0.9118,0.4326,0.1741
0.3,9,5,0.8466,0.8466,0.2751,0.7694
0.3,9,6,0.9294,0.9294,0.6945,0.0872
0.3,9,7,0.9357,0.9357,0.7856,0.098
0.3,9,8,0.9317,0.9317,0.7818,0.2788
0.3,9,9,0.9192,0.9192,0.6793,0.7598
0.3,9,10,0.9372,0.9372,0.871,0.3698
0.3,9,11,0.9135,0.9135,0.5977,0.9554
0.3,9,12,0.9413,0.9413,0.9203,0.2422
0.3,9,13,0.92,0.92,0.6869,0.9711
0.3,9,14,0.9426,0.9426,0.9222,0.4772
0.3,9,15,0.9268,0.9268,0.778,0.9878
0.3,9,16,0.9434,0.9434,0.926,0.6808
0.3,9,17,0.9337,0.9337,0.8311,0.9922
0.3,9,18,0.9435,0.9435,0.9146,0.8924
0.3,9,19,0.9447,0.9447,0.9146,0.9486
0.3,9,20,0.9474,0.9474,0.9279,0.8592
0.3,9,21,0.9466,0.9466,0.9393,0.6143
0.3,9,22,0.9466,0.9466,0.9393,0.498
0.3,9,23,0.9459,0.9459,0.9393,0.4183
0.3,9,24,0.9462,0.9462,0.9412,0.3461
0.3,9,25,0.9465,0.9465,0.9412,0.2955
0.3,9,26,0.9471,0.9471,0.9431,0.2648
0.3,9,27,0.9466,0.9466,0.9412,0.2316
0.3,9,28,0.946,0.946,0.9412,0.2045
0.3,9,29,0.9466,0.9466,0.9412,0.1832
0.3,9,30,0.9471,0.9471,0.9412,0.1591
0.4,12,1,0.515,0.515,0.1765,0.5842
0.4,12,2,0.8722,0.8722,0.3776,0.0
0.4,12,3,0.312,0.312,0.1082,0.9558
0.4,12,4,0.9163,0.9163,0.6357,0.0003
0.4,12,5,0.9185,0.9185,0.8672,0.0004
0.4,12,6,0.9319,0.9319,0.8767,0.0007
0.4,12,7,0.9321,0.9321,0.9032,0.001
0.4,12,8,0.9378,0.9378,0.9108,0.001
0.4,12,9,0.9348,0.9348,0.9222,0.0008
0.4,12,10,0.9382,0.9382,0.9241,0.001
0.4,12,11,0.938,0.938,0.926,0.001
0.4,12,12,0.9398,0.9398,0.9393,0.0012
0.4,12,13,0.9411,0.9411,0.9412,0.0011
0.4,12,14,0.9392,0.9392,0.9374,0.001
0.4,12,15,0.9413,0.9413,0.9374,0.0009
0.4,12,16,0.9404,0.9404,0.9393,0.0009
0.4,12,17,0.9409,0.9409,0.9374,0.0009
0.4,12,18,0.9414,0.9414,0.945,0.001
0.4,12,19,0.942,0.942,0.9431,0.0007
0.4,12,20,0.9396,0.9396,0.945,0.0009
0.4,12,21,0.9413,0.9413,0.9469,0.0008
0.4,12,22,0.9383,0.9383,0.9393,0.001
0.4,12,23,0.9415,0.9415,0.9545,0.001
0.4,12,24,0.9413,0.9413,0.9583,0.0009
0.4,12,25,0.9409,0.9409,0.9583,0.0006
0.4,12,26,0.9402,0.9402,0.9545,0.0008
0.4,12,27,0.9431,0.9431,0.9583,0.0006
0.4,12,28,0.9425,0.9425,0.9545,0.0006
0.4,12,29,0.9418,0.9418,0.962,0.0005
0.4,12,30,0.9411,0.9411,0.9602,0.0006
