iid_rate,epoch,ma,clean_accuracy,unseen_accuracy,asr
0.6,2,0.8116,0.8116,0.2505,0.0048
0.4,2,0.8096,0.8096,0.167,0.0067
0.6,3,0.8332,0.8332,0.222,0.0811
0.4,3,0.8552,0.8552,0.2808,0.0238
0.6,4,0.8637,0.8637,0.7097,0.0
0.4,4,0.8557,0.8557,0.4402,0.0042
0.6,5,0.9189,0.9189,0.778,0.0
0.4,5,0.8922,0.8922,0.4288,0.0182
0.6,6,0.9157,0.9157,0.8956,0.0
0.4,6,0.7311,0.7311,0.7894,0.0
0.6,7,0.8975,0.8975,0.9488,0.0
0.6,8,0.9059,0.9059,0.9488,0.0
0.4,7,0.7679,0.7679,0.8292,0.0
0.6,9,0.9019,0.9019,0.9507,0.0
0.4,8,0.7657,0.7657,0.9545,0.0
0.6,10,0.9017,0.9017,0.9526,0.0
0.4,9,0.7769,0.7769,0.9355,0.0
0.6,11,0.9036,0.9036,0.9526,0.0
0.4,10,0.7959,0.7959,0.9412,0.0
0.6,13,0.9031,0.9031,0.9507,0.0
0.4,11,0.7848,0.7848,0.945,0.0
0.6,14,0.903,0.903,0.9526,0.0
0.4,12,0.877,0.877,0.1727,0.0304
0.6,15,0.9031,0.9031,0.9526,0.0
0.4,13,0.919,0.919,0.8596,0.0003
0.6,16,0.9027,0.9027,0.9526,0.0
0.4,14,0.8728,0.8728,0.9583,0.0002
0.6,17,0.9044,0.9044,0.9526,0.0
0.4,15,0.8774,0.8774,0.9564,0.0001
0.6,18,0.9028,0.9028,0.9545,0.0
0.4,16,0.8588,0.8588,0.9602,0.0001
0.6,19,0.9029,0.9029,0.9545,0.0
0.6,20,0.9036,0.9036,0.9545,0.0
0.4,17,0.8672,0.8672,0.9583,0.0002
0.6,21,0.9061,0.9061,0.9564,0.0
0.4,18,0.8854,0.8854,0.9545,0.0
0.6,22,0.9045,0.9045,0.9564,0.0
0.4,19,0.8183,0.8183,0.9374,0.0
0.6,23,0.9047,0.9047,0.9564,0.0
0.4,20,0.8502,0.8502,0.9526,0.0
0.6,24,0.9055,0.9055,0.9564,0.0
0.4,21,0.8573,0.8573,0.9602,0.0
0.6,25,0.9044,0.9044,0.9564,0.0
0.4,22,0.8736,0.8736,0.9545,0.0
0.6,26,0.9035,0.9035,0.9564,0.0
0.4,23,0.8708,0.8708,0.9602,0.0
0.6,27,0.906,0.906,0.9564,0.0
0.4,24,0.9317,0.9317,0.5863,0.0746
0.6,29,0.9074,0.9074,0.9583,0.0
0.4,25,0.9068,0.9068,0.9564,0.001
0.4,26,0.8846,0.8846,0.9696,0.001
0.6,30,0.9077,0.9077,0.9583,0.0
0.4,27,0.9062,0.9062,0.9658,0.001
0.8,2,0.8127,0.8127,0.1499,0.0006
0.4,28,0.9013,0.9013,0.9658,0.0009
0.8,3,0.844,0.844,0.1063,0.0785
0.4,29,0.9014,0.9014,0.9658,0.0004
0.8,4,0.8782,0.8782,0.5408,0.0
0.8,5,0.9298,0.9298,0.4687,0.0313
0.4,30,0.9472,0.9472,0.8937,0.09
0.8,6,0.9295,0.9295,0.6376,0.0002
1.0,2,0.8303,0.8303,0.0607,0.0211
0.8,7,0.9383,0.9383,0.7287,0.0002
1.0,3,0.8895,0.8895,0.0607,0.0158
0.8,8,0.938,0.938,0.8349,0.0002
1.0,4,0.8942,0.8942,0.0721,0.0465
0.8,9,0.9378,0.9378,0.8786,0.0003
1.0,5,0.9161,0.9161,0.4099,0.0021
0.8,10,0.9396,0.9396,0.8956,0.0002
0.8,11,0.94,0.94,0.9184,0.0003
1.0,6,0.9295,0.9295,0.2922,0.0005
1.0,7,0.9376,0.9376,0.351,0.0002
0.8,12,0.9409,0.9409,0.9222,0.0003
0.8,13,0.9396,0.9396,0.9355,0.0002
1.0,8,0.9378,0.9378,0.3454,0.0001
0.8,14,0.9424,0.9424,0.9431,0.0001
1.0,9,0.9423,0.9423,0.3055,0.0002
0.8,15,0.942,0.942,0.9469,0.0001
1.0,10,0.9422,0.9422,0.3169,0.0001
0.8,16,0.9416,0.9416,0.9488,0.0002
1.0,11,0.9447,0.9447,0.3188,0.0
0.8,17,0.942,0.942,0.9488,0.0002
1.0,12,0.9439,0.9439,0.3055,0.0001
0.8,18,0.9423,0.9423,0.9488,0.0002
1.0,13,0.9463,0.9463,0.3131,0.0001
1.0,14,0.9458,0.9458,0.3435,0.0
0.8,20,0.9432,0.9432,0.9507,0.0002
1.0,15,0.9466,0.9466,0.3416,0.0
0.8,21,0.9446,0.9446,0.9507,0.0002
1.0,16,0.9458,0.9458,0.3416,0.0
0.8,22,0.9436,0.9436,0.9488,0.0001
1.0,17,0.9461,0.9461,0.351,0.0
0.8,23,0.9419,0.9419,0.9507,0.0
1.0,18,0.9446,0.9446,0.3264,0.0
0.8,24,0.9421,0.9421,0.9526,0.0
1.0,19,0.9467,0.9467,0.2827,0.0002
0.8,25,0.9426,0.9426,0.9564,0.0
1.0,20,0.9473,0.9473,0.2732,0.0002
0.8,26,0.9412,0.9412,0.9545,0.0
1.0,21,0.9473,0.9473,0.26,0.0002
0.8,27,0.9417,0.9417,0.9583,0.0
1.0,22,0.9478,0.9478,0.2486,0.0001
0.8,28,0.942,0.942,0.9602,0.0
1.0,23,0.9476,0.9476,0.241,0.0
1.0,24,0.9459,0.9459,0.2448,0.0001
1.0,25,0.9443,0.9443,0.2277,0.0
0.8,30,0.9414,0.9414,0.9602,0.0
1.0,26,0.9444,0.9444,0.2239,0.0
1.0,27,0.9443,0.9443,0.2201,0.0
1.0,28,0.9449,0.9449,0.2239,0.0
1.0,29,0.9441,0.9441,0.2201,0.0
1.0,30,0.9445,0.9445,0.2163,0.0
