model,unseen_ratio,condition,epoch,ma,clean_accuracy,unseen_accuracy,asr
googlenet,0.4,attack_defense,1,0.7791,0.7791,0.2315,0.0003
googlenet,0.4,attack_defense,2,0.8543,0.8543,0.1765,0.0653
googlenet,0.4,attack_defense,3,0.8903,0.8903,0.4839,0.0
googlenet,0.4,attack_defense,4,0.9308,0.9308,0.5408,0.0
googlenet,0.4,attack_defense,5,0.9216,0.9216,0.5484,0.0
googlenet,0.4,attack_defense,6,0.9389,0.9389,0.5844,0.0
googlenet,0.4,attack_defense,7,0.9286,0.9286,0.6376,0.0
googlenet,0.4,attack_defense,8,0.9387,0.9387,0.6509,0.0
googlenet,0.4,attack_defense,9,0.9395,0.9395,0.6641,0.0
googlenet,0.4,attack_defense,10,0.9404,0.9404,0.685,0.0
googlenet,0.4,attack_defense,11,0.9432,0.9432,0.7021,0.0
googlenet,0.4,attack_defense,12,0.9409,0.9409,0.7116,0.0
googlenet,0.4,attack_defense,13,0.9424,0.9424,0.7135,0.0
googlenet,0.4,attack_defense,14,0.9427,0.9427,0.7306,0.0
googlenet,0.4,attack_defense,15,0.9436,0.9436,0.74,0.0
googlenet,0.4,attack_defense,16,0.9447,0.9447,0.7571,0.0
googlenet,0.4,attack_defense,17,0.9451,0.9451,0.7552,0.0
googlenet,0.4,attack_defense,18,0.9435,0.9435,0.7514,0.0
googlenet,0.4,attack_defense,19,0.9454,0.9454,0.7666,0.0
googlenet,0.4,attack_defense,20,0.9441,0.9441,0.7571,0.0
googlenet,0.4,attack_defense,21,0.9466,0.9466,0.7457,0.0
googlenet,0.4,attack_defense,22,0.9466,0.9466,0.7476,0.0
googlenet,0.4,attack_defense,23,0.9475,0.9475,0.7552,0.0
googlenet,0.4,attack_defense,24,0.9474,0.9474,0.7571,0.0
googlenet,0.4,attack_defense,25,0.9457,0.9457,0.7438,0.0
googlenet,0.4,attack_defense,26,0.9417,0.9417,0.7268,0.0
googlenet,0.4,attack_defense,27,0.9456,0.9456,0.7457,0.0
googlenet,0.4,attack_defense,28,0.945,0.945,0.7438,0.0
googlenet,0.4,attack_defense,29,0.9445,0.9445,0.7514,0.0
googlenet,0.4,attack_defense,30,0.9428,0.9428,0.7343,0.0
googlenet,0.6,attack_defense,1,0.8196,0.8196,0.2581,0.0009
googlenet,0.6,attack_defense,2,0.8623,0.8623,0.1784,0.0446
googlenet,0.6,attack_defense,3,0.8873,0.8873,0.5901,0.001
googlenet,0.6,attack_defense,4,0.9192,0.9192,0.6509,0.0006
googlenet,0.6,attack_defense,5,0.9275,0.9275,0.7476,0.0003
googlenet,0.6,attack_defense,6,0.9353,0.9353,0.8046,0.0002
googlenet,0.6,attack_defense,7,0.9326,0.9326,0.8292,0.0003
googlenet,0.6,attack_defense,8,0.9367,0.9367,0.8691,0.0002
googlenet,0.6,attack_defense,9,0.9382,0.9382,0.8824,0.0003
googlenet,0.6,attack_defense,10,0.9374,0.9374,0.8994,0.0002
googlenet,0.6,attack_defense,11,0.9383,0.9383,0.9146,0.0001
googlenet,0.6,attack_defense,12,0.9385,0.9385,0.9203,0.0001
googlenet,0.6,attack_defense,13,0.9393,0.9393,0.9222,0.0001
googlenet,0.6,attack_defense,14,0.9405,0.9405,0.926,0.0
googlenet,0.6,attack_defense,15,0.9402,0.9402,0.926,0.0
googlenet,0.6,attack_defense,16,0.9393,0.9393,0.9298,0.0
googlenet,0.6,attack_defense,17,0.9402,0.9402,0.9279,0.0
googlenet,0.6,attack_defense,18,0.9406,0.9406,0.9203,0.0
googlenet,0.6,attack_defense,19,0.943,0.943,0.926,0.0
googlenet,0.6,attack_defense,20,0.9449,0.9449,0.9279,0.0
googlenet,0.6,attack_defense,21,0.9458,0.9458,0.9298,0.0
googlenet,0.6,attack_defense,22,0.9443,0.9443,0.926,0.0
googlenet,0.6,attack_defense,23,0.9439,0.9439,0.9279,0.0
googlenet,0.6,attack_defense,24,0.9436,0.9436,0.926,0.0
googlenet,0.6,attack_defense,25,0.944,0.944,0.9279,0.0
googlenet,0.6,attack_defense,26,0.944,0.944,0.9336,0.0
googlenet,0.6,attack_defense,27,0.9439,0.9439,0.9336,0.0
googlenet,0.6,attack_defense,28,0.9435,0.9435,0.9298,0.0
googlenet,0.6,attack_defense,29,0.9439,0.9439,0.9336,0.0
googlenet,0.6,attack_defense,30,0.943,0.943,0.9374,0.0
googlenet,0.8,attack_defense,1,0.7841,0.7841,0.1101,0.0088
googlenet,0.8,attack_defense,2,0.8291,0.8291,0.0911,0.0405
googlenet,0.8,attack_defense,3,0.8687,0.8687,0.186,0.001
googlenet,0.8,attack_defense,4,0.9135,0.9135,0.0873,0.02
googlenet,0.8,attack_defense,5,0.9102,0.9102,0.1518,0.0
googlenet,0.8,attack_defense,6,0.921,0.921,0.1195,0.0
googlenet,0.8,attack_defense,7,0.9239,0.9239,0.1404,0.0
googlenet,0.8,attack_defense,8,0.9265,0.9265,0.1347,0.0002
googlenet,0.8,attack_defense,9,0.93,0.93,0.1404,0.0001
googlenet,0.8,attack_defense,10,0.9304,0.9304,0.1044,0.0001
googlenet,0.8,attack_defense,11,0.9302,0.9302,0.0873,0.0
googlenet,0.8,attack_defense,12,0.9308,0.9308,0.1025,0.0
googlenet,0.8,attack_defense,13,0.9343,0.9343,0.0892,0.0
googlenet,0.8,attack_defense,14,0.9314,0.9314,0.0949,0.0
googlenet,0.8,attack_defense,15,0.9348,0.9348,0.0721,0.0
googlenet,0.8,attack_defense,16,0.9329,0.9329,0.0835,0.0
googlenet,0.8,attack_defense,17,0.9346,0.9346,0.0816,0.0
googlenet,0.8,attack_defense,18,0.9337,0.9337,0.0835,0.0
googlenet,0.8,attack_defense,19,0.9346,0.9346,0.0892,0.0
googlenet,0.8,attack_defense,20,0.932,0.932,0.0892,0.0
googlenet,0.8,attack_defense,21,0.9303,0.9303,0.0873,0.0
googlenet,0.8,attack_defense,22,0.9307,0.9307,0.0911,0.0
googlenet,0.8,attack_defense,23,0.9297,0.9297,0.0873,0.0
googlenet,0.8,attack_defense,24,0.9297,0.9297,0.0873,0.0
googlenet,0.8,attack_defense,25,0.929,0.929,0.0873,0.0
googlenet,0.8,attack_defense,26,0.9293,0.9293,0.0854,0.0
googlenet,0.8,attack_defense,27,0.9304,0.9304,0.0873,0.0
googlenet,0.8,attack_defense,28,0.9314,0.9314,0.0892,0.0
googlenet,0.8,attack_defense,29,0.9319,0.9319,0.0892,0.0
googlenet,0.8,attack_defense,30,0.9314,0.9314,0.0892,0.0
googlenet,1.0,attack_defense,1,0.811,0.811,0.0721,0.0041
googlenet,1.0,attack_defense,2,0.8765,0.8765,0.167,0.0059
googlenet,1.0,attack_defense,3,0.8906,0.8906,0.241,0.0362
googlenet,1.0,attack_defense,4,0.9106,0.9106,0.1233,0.0125
googlenet,1.0,attack_defense,5,0.9142,0.9142,0.1101,0.0033
googlenet,1.0,attack_defense,6,0.9198,0.9198,0.1139,0.0018
googlenet,1.0,attack_defense,7,0.9197,0.9197,0.1063,0.0022
googlenet,1.0,attack_defense,8,0.9253,0.9253,0.1006,0.0019
googlenet,1.0,attack_defense,9,0.9234,0.9234,0.0892,0.001
googlenet,1.0,attack_defense,10,0.9279,0.9279,0.0949,0.0009
googlenet,1.0,attack_defense,11,0.928,0.928,0.093,0.0014
googlenet,1.0,attack_defense,12,0.9285,0.9285,0.0892,0.0007
googlenet,1.0,attack_defense,13,0.9287,0.9287,0.0911,0.0007
googlenet,1.0,attack_defense,14,0.9272,0.9272,0.093,0.0004
googlenet,1.0,attack_defense,15,0.9288,0.9288,0.093,0.0007
googlenet,1.0,attack_defense,16,0.9299,0.9299,0.0892,0.0002
googlenet,1.0,attack_defense,17,0.9298,0.9298,0.0911,0.0006
googlenet,1.0,attack_defense,18,0.9298,0.9298,0.0949,0.0003
googlenet,1.0,attack_defense,19,0.9302,0.9302,0.0968,0.0004
googlenet,1.0,attack_defense,20,0.9313,0.9313,0.093,0.0002
googlenet,1.0,attack_defense,21,0.9309,0.9309,0.0911,0.0002
googlenet,1.0,attack_defense,22,0.9291,0.9291,0.0968,0.0001
googlenet,1.0,attack_defense,23,0.9272,0.9272,0.0968,0.0001
googlenet,1.0,attack_defense,24,0.9264,0.9264,0.093,0.0001
googlenet,1.0,attack_defense,25,0.9255,0.9255,0.0968,0.0
googlenet,1.0,attack_defense,26,0.9268,0.9268,0.0968,0.0
googlenet,1.0,attack_defense,27,0.9268,0.9268,0.1006,0.0
googlenet,1.0,attack_defense,28,0.9252,0.9252,0.0968,0.0
googlenet,1.0,attack_defense,29,0.9246,0.9246,0.0968,0.0
googlenet,1.0,attack_defense,30,0.9247,0.9247,0.0949,0.0
