model,poison_rate,condition,unseen_ratio,num_malicious,epoch,ma,clean_accuracy,unseen_accuracy,asr
googlenet,0.4,attack_defense,0.7,4,1,0.8318,0.8318,0.0892,0.0001
googlenet,0.4,attack_defense,0.7,4,2,0.9007,0.9007,0.1385,0.0014
googlenet,0.4,attack_defense,0.7,4,3,0.9179,0.9179,0.3397,0.0017
googlenet,0.4,attack_defense,0.7,4,4,0.9337,0.9337,0.3681,0.0017
googlenet,0.4,attack_defense,0.7,4,5,0.9211,0.9211,0.2391,0.0008
googlenet,0.4,attack_defense,0.7,4,6,0.9302,0.9302,0.2467,0.0001
googlenet,0.4,attack_defense,0.7,4,7,0.9319,0.9319,0.2315,0.0003
googlenet,0.4,attack_defense,0.7,4,8,0.9314,0.9314,0.2277,0.0
googlenet,0.4,attack_defense,0.7,4,9,0.9328,0.9328,0.2125,0.0
googlenet,0.4,attack_defense,0.7,4,10,0.9339,0.9339,0.2087,0.0
googlenet,0.4,attack_defense,0.7,4,11,0.9339,0.9339,0.2239,0.0
googlenet,0.4,attack_defense,0.7,4,12,0.9334,0.9334,0.203,0.0
googlenet,0.4,attack_defense,0.7,4,13,0.9346,0.9346,0.2068,0.0
googlenet,0.4,attack_defense,0.7,4,14,0.9342,0.9342,0.1935,0.0
googlenet,0.4,attack_defense,0.7,4,15,0.9336,0.9336,0.1992,0.0
googlenet,0.4,attack_defense,0.7,4,16,0.9343,0.9343,0.1879,0.0
googlenet,0.4,attack_defense,0.7,4,17,0.9338,0.9338,0.1841,0.0
googlenet,0.4,attack_defense,0.7,4,18,0.934,0.934,0.1879,0.0
googlenet,0.4,attack_defense,0.7,4,19,0.9329,0.9329,0.1803,0.0
googlenet,0.4,attack_defense,0.7,4,20,0.9316,0.9316,0.186,0.0
googlenet,0.4,attack_defense,0.7,4,21,0.934,0.934,0.1898,0.0
googlenet,0.4,attack_defense,0.7,4,22,0.9325,0.9325,0.1898,0.0
googlenet,0.4,attack_defense,0.7,4,23,0.9318,0.9318,0.186,0.0
googlenet,0.4,attack_defense,0.7,4,24,0.9292,0.9292,0.1841,0.0
googlenet,0.4,attack_defense,0.7,4,25,0.931,0.931,0.186,0.0
googlenet,0.4,attack_defense,0.7,4,26,0.9325,0.9325,0.186,0.0
googlenet,0.4,attack_defense,0.7,4,27,0.9338,0.9338,0.1898,0.0
googlenet,0.4,attack_defense,0.7,4,28,0.9342,0.9342,0.1879,0.0
googlenet,0.4,attack_defense,0.7,4,29,0.9342,0.9342,0.1917,0.0
googlenet,0.4,attack_defense,0.7,4,30,0.9336,0.9336,0.1879,0.0
googlenet,0.6,attack_defense,0.7,4,1,0.7955,0.7955,0.1632,0.0024
googlenet,0.6,attack_defense,0.7,4,2,0.8881,0.8881,0.2182,0.0004
googlenet,0.6,attack_defense,0.7,4,3,0.8923,0.8923,0.408,0.0104
googlenet,0.6,attack_defense,0.7,4,4,0.9216,0.9216,0.4858,0.0018
googlenet,0.6,attack_defense,0.7,4,5,0.93,0.93,0.592,0.0013
googlenet,0.6,attack_defense,0.7,4,6,0.9356,0.9356,0.6755,0.0003
googlenet,0.6,attack_defense,0.7,4,7,0.9336,0.9336,0.7628,0.0002
googlenet,0.6,attack_defense,0.7,4,8,0.9375,0.9375,0.8083,0.0002
googlenet,0.6,attack_defense,0.7,4,9,0.9359,0.9359,0.8615,0.0002
googlenet,0.6,attack_defense,0.7,4,10,0.9397,0.9397,0.871,0.0001
googlenet,0.6,attack_defense,0.7,4,11,0.9392,0.9392,0.8861,0.0
googlenet,0.6,attack_defense,0.7,4,12,0.9417,0.9417,0.9032,0.0
googlenet,0.6,attack_defense,0.7,4,13,0.9415,0.9415,0.907,0.0
googlenet,0.6,attack_defense,0.7,4,14,0.9426,0.9426,0.9089,0.0
googlenet,0.6,attack_defense,0.7,4,15,0.9421,0.9421,0.9241,0.0
googlenet,0.6,attack_defense,0.7,4,16,0.9443,0.9443,0.9184,0.0
googlenet,0.6,attack_defense,0.7,4,17,0.9437,0.9437,0.9241,0.0
googlenet,0.6,attack_defense,0.7,4,18,0.9444,0.9444,0.9298,0.0
googlenet,0.6,attack_defense,0.7,4,19,0.9447,0.9447,0.9241,0.0
googlenet,0.6,attack_defense,0.7,4,20,0.943,0.943,0.9298,0.0
googlenet,0.6,attack_defense,0.7,4,21,0.9447,0.9447,0.9355,0.0
googlenet,0.6,attack_defense,0.7,4,22,0.9447,0.9447,0.9355,0.0
googlenet,0.6,attack_defense,0.7,4,23,0.9441,0.9441,0.9355,0.0
googlenet,0.6,attack_defense,0.7,4,24,0.9439,0.9439,0.945,0.0
googlenet,0.6,attack_defense,0.7,4,25,0.9438,0.9438,0.945,0.0
googlenet,0.6,attack_defense,0.7,4,26,0.9428,0.9428,0.9431,0.0
googlenet,0.6,attack_defense,0.7,4,27,0.9443,0.9443,0.945,0.0
googlenet,0.6,attack_defense,0.7,4,28,0.944,0.944,0.9488,0.0
googlenet,0.6,attack_defense,0.7,4,29,0.9442,0.9442,0.9488,0.0
googlenet,0.6,attack_defense,0.7,4,30,0.9451,0.9451,0.9545,0.0
googlenet,0.8,attack_defense,0.7,4,1,0.8224,0.8224,0.0892,0.0075
googlenet,0.8,attack_defense,0.7,4,2,0.8922,0.8922,0.0683,0.0251
googlenet,0.8,attack_defense,0.7,4,3,0.9027,0.9027,0.4288,0.0004
googlenet,0.8,attack_defense,0.7,4,4,0.916,0.916,0.2049,0.0
googlenet,0.8,attack_defense,0.7,4,5,0.9256,0.9256,0.1632,0.0
googlenet,0.8,attack_defense,0.7,4,6,0.9314,0.9314,0.1537,0.0
googlenet,0.8,attack_defense,0.7,4,7,0.9284,0.9284,0.129,0.0
googlenet,0.8,attack_defense,0.7,4,8,0.9347,0.9347,0.1328,0.0
googlenet,0.8,attack_defense,0.7,4,9,0.9308,0.9308,0.1195,0.0
googlenet,0.8,attack_defense,0.7,4,10,0.9359,0.9359,0.1309,0.0
googlenet,0.8,attack_defense,0.7,4,11,0.9342,0.9342,0.1309,0.0
googlenet,0.8,attack_defense,0.7,4,12,0.935,0.935,0.129,0.0
googlenet,0.8,attack_defense,0.7,4,13,0.936,0.936,0.1252,0.0001
googlenet,0.8,attack_defense,0.7,4,14,0.9352,0.9352,0.1214,0.0
googlenet,0.8,attack_defense,0.7,4,15,0.935,0.935,0.1176,0.0001
googlenet,0.8,attack_defense,0.7,4,16,0.9356,0.9356,0.1252,0.0001
googlenet,0.8,attack_defense,0.7,4,17,0.9351,0.9351,0.1252,0.0001
googlenet,0.8,attack_defense,0.7,4,18,0.9344,0.9344,0.1252,0.0001
googlenet,0.8,attack_defense,0.7,4,19,0.9352,0.9352,0.1214,0.0001
googlenet,0.8,attack_defense,0.7,4,20,0.9341,0.9341,0.129,0.0001
googlenet,0.8,attack_defense,0.7,4,21,0.9345,0.9345,0.1252,0.0001
googlenet,0.8,attack_defense,0.7,4,22,0.9321,0.9321,0.1176,0.0
googlenet,0.8,attack_defense,0.7,4,23,0.9309,0.9309,0.1044,0.0
googlenet,0.8,attack_defense,0.7,4,24,0.9278,0.9278,0.1006,0.0
googlenet,0.8,attack_defense,0.7,4,25,0.9244,0.9244,0.0911,0.0
googlenet,0.8,attack_defense,0.7,4,26,0.9264,0.9264,0.093,0.0
googlenet,0.8,attack_defense,0.7,4,27,0.926,0.926,0.1006,0.0
googlenet,0.8,attack_defense,0.7,4,28,0.9235,0.9235,0.0949,0.0
googlenet,0.8,attack_defense,0.7,4,29,0.9255,0.9255,0.0854,0.0
googlenet,0.8,attack_defense,0.7,4,30,0.9262,0.9262,0.0892,0.0
googlenet,1.0,attack_defense,0.7,4,1,0.6714,0.6714,0.1044,0.245
googlenet,1.0,attack_defense,0.7,4,2,0.8841,0.8841,0.2486,0.0
googlenet,1.0,attack_defense,0.7,4,3,0.8001,0.8001,0.0266,0.1898
googlenet,1.0,attack_defense,0.7,4,4,0.9105,0.9105,0.2125,0.0001
googlenet,1.0,attack_defense,0.7,4,5,0.9264,0.9264,0.2467,0.0
googlenet,1.0,attack_defense,0.7,4,6,0.932,0.932,0.2884,0.0001
googlenet,1.0,attack_defense,0.7,4,7,0.9278,0.9278,0.2182,0.0001
googlenet,1.0,attack_defense,0.7,4,8,0.9261,0.9261,0.2182,0.0001
googlenet,1.0,attack_defense,0.7,4,9,0.9281,0.9281,0.2049,0.0001
googlenet,1.0,attack_defense,0.7,4,10,0.9287,0.9287,0.2068,0.0001
googlenet,1.0,attack_defense,0.7,4,11,0.9306,0.9306,0.1954,0.0001
googlenet,1.0,attack_defense,0.7,4,12,0.9305,0.9305,0.186,0.0001
googlenet,1.0,attack_defense,0.7,4,13,0.9312,0.9312,0.1917,0.0001
googlenet,1.0,attack_defense,0.7,4,14,0.9303,0.9303,0.1917,0.0001
googlenet,1.0,attack_defense,0.7,4,15,0.9319,0.9319,0.1879,0.0001
googlenet,1.0,attack_defense,0.7,4,16,0.9302,0.9302,0.1841,0.0001
googlenet,1.0,attack_defense,0.7,4,17,0.9318,0.9318,0.1898,0.0001
googlenet,1.0,attack_defense,0.7,4,18,0.9299,0.9299,0.1841,0.0001
googlenet,1.0,attack_defense,0.7,4,19,0.9314,0.9314,0.1841,0.0001
googlenet,1.0,attack_defense,0.7,4,20,0.9318,0.9318,0.1822,0.0001
googlenet,1.0,attack_defense,0.7,4,21,0.9326,0.9326,0.1822,0.0001
googlenet,1.0,attack_defense,0.7,4,22,0.9337,0.9337,0.1822,0.0001
googlenet,1.0,attack_defense,0.7,4,23,0.9315,0.9315,0.1841,0.0001
googlenet,1.0,attack_defense,0.7,4,24,0.931,0.931,0.1803,0.0001
googlenet,1.0,attack_defense,0.7,4,25,0.9301,0.9301,0.1746,0.0001
googlenet,1.0,attack_defense,0.7,4,26,0.9298,0.9298,0.1746,0.0001
googlenet,1.0,attack_defense,0.7,4,27,0.9301,0.9301,0.1746,0.0001
googlenet,1.0,attack_defense,0.7,4,28,0.9276,0.9276,0.1689,0.0001
googlenet,1.0,attack_defense,0.7,4,29,0.9288,0.9288,0.1727,0.0001
googlenet,1.0,attack_defense,0.7,4,30,0.9285,0.9285,0.1689,0.0001
